,MethodEnum.KNN,MethodEnum.MLP,MethodEnum.SVM,MethodEnum.DT,MethodEnum.NB
0,0.9612903225806452,0.9612903225806452,0.9612903225806452,0.9612903225806452,0.9043988269794722
1,0.9665689149560117,0.9665689149560117,0.9665689149560117,0.9665689149560117,0.9090909090909091
Mean Accuracy,0.9639296187683284,0.9639296187683284,0.9639296187683284,0.9639296187683284,0.9067448680351906
Standard Deviation,0.0037325284637412877,0.0037325284637412877,0.0037325284637412877,0.0037325284637412877,0.003317803078881127
