,MethodEnum.KNN,MethodEnum.MLP,MethodEnum.SVM,MethodEnum.DT,MethodEnum.NB
0,0.679492600422833,0.679492600422833,0.5758985200845665,0.679492600422833,0.6892177589852009
Mean Accuracy,0.679492600422833,0.679492600422833,0.5758985200845665,0.679492600422833,0.6892177589852009
Standard Deviation,,,,,
