,MethodEnum.KNN,MethodEnum.MLP,MethodEnum.SVM,MethodEnum.DT,MethodEnum.NB
0,{'accuracy': 0.9689149560117302},{'accuracy': 0.9689149560117302},{'accuracy': 0.9689149560117302},{'accuracy': 0.9689149560117302},{'accuracy': 0.9120234604105572}
1,{'accuracy': 0.9671554252199414},{'accuracy': 0.9671554252199414},{'accuracy': 0.9671554252199414},{'accuracy': 0.9671554252199414},{'accuracy': 0.9131964809384164}
