,MethodEnum.KNN,MethodEnum.MLP,MethodEnum.SVM,MethodEnum.DT,MethodEnum.NB
0,0.9648093841642229,0.9648093841642229,0.844574780058651,0.9648093841642229,0.9313782991202346
Mean Accuracy,0.9648093841642229,0.9648093841642229,0.844574780058651,0.9648093841642229,0.9313782991202346
Standard Deviation,,,,,
