,MethodEnum.KNN,MethodEnum.MLP,MethodEnum.SVM,MethodEnum.DT,MethodEnum.NB
0,0.6845665961945032,0.6858350951374207,0.5602536997885835,0.6858350951374207,0.6913319238900634
1,0.6980972515856236,0.6980972515856236,0.6093023255813953,0.6980972515856236,0.7002114164904862
Mean Accuracy,0.6913319238900635,0.6919661733615221,0.5847780126849894,0.6919661733615221,0.6957716701902747
Standard Deviation,0.009567618180959563,0.008670653976494651,0.034682615905978605,0.008670653976494651,0.006278749431254779
