,MethodEnum.KNN,MethodEnum.MLP,MethodEnum.SVM,MethodEnum.DT,MethodEnum.NB
0,0.6710359408033827,0.7040169133192389,0.42748414376321353,0.7040169133192389,0.720507399577167
1,0.679492600422833,0.7002114164904862,0.6156448202959831,0.7002114164904862,0.7107822410147991
Mean Accuracy,0.6752642706131078,0.7021141649048626,0.5215644820295984,0.7021141649048626,0.7156448202959831
Standard Deviation,0.005979761363099757,0.0026908926133948946,0.13304969032896985,0.0026908926133948946,0.006876725567564748
